{"CAM_BACK_RIGHT": {"M1": [[1010.9074514777, 0.0, 955.5563229473, 0.0], [0.0, 1010.6627077014, 529.439987488, 0.0], [0.0, 0.0, 1.0, 0.0], [0.0, 0.0, 0.0, 1.0]], "M2": [[-0.6297454338046551, -0.7767346188668587, -0.010199041913000022, -0.424567953847762], [-0.27885670190178985, 0.23830129674463732, -0.9302964214562373, 1.870974886045437], [0.7250238812664335, -0.5830058523064588, -0.3666668075648193, -0.19897122017612384], [0.0, 0.0, 0.0, 1.0]]}}