{"CAM_FRONT": {"M1": [[1006.8330277047, 0.0, 970.8729607505, 0.0], [0.0, 1006.7672677655, 530.4746486724, 0.0], [0.0, 0.0, 1.0, 0.0], [0.0, 0.0, 0.0, 1.0]], "M2": [[-0.017428568232379038, -0.9998347750084574, -0.0051640771834415115, 0.07121996162350197], [0.0032724459506909506, 0.005107792054930394, -0.9999816006096427, 0.9164751155359232], [0.9998427556905479, -0.017445146720816745, 0.0031828837584903175, -3.206948500538287], [0.0, 0.0, 0.0, 1.0]]}}