{"CAM_FRONT_RIGHT": {"M1": [[1005.374728598, 0.0, 964.3711985529, 0.0], [0.0, 1005.2362924877, 492.0005581304, 0.0], [0.0, 0.0, 1.0, 0.0], [0.0, 0.0, 0.0, 1.0]], "M2": [[-0.6980945335343234, 0.7158633101201342, 0.014273873802875462, 2.4509819222272884], [0.19537625946297896, 0.20962990743976187, -0.9580623252925939, 1.21754030159352], [-0.6888338983294522, -0.6660292960002899, -0.28620418826706223, 1.659815139525344], [0.0, 0.0, 0.0, 1.0]]}}