{"CAM_FRONT_LEFT": {"M1": [[1015.4411714845, 0.0, 1008.7947560144, 0.0], [0.0, 1015.3127189839, 577.6868569809, 0.0], [0.0, 0.0, 1.0, 0.0], [0.0, 0.0, 0.0, 1.0]], "M2": [[0.6419812535254823, 0.7620684316648761, 0.08433134400498137, -2.451725834554124], [0.289707075681678, -0.13926664368677583, -0.9469290428834631, 0.8631821685091976], [-0.7098801873709542, 0.6323420810099994, -0.3101831912952769, 1.7177113906717352], [0.0, 0.0, 0.0, 1.0]]}}