{"CAM_BACK": {"M1": [[1015.4411714845, 0.0, 1008.7947560144, 0.0], [0.0, 1015.3127189839, 577.6868569809, 0.0], [0.0, 0.0, 1.0, 0.0], [0.0, 0.0, 0.0, 1.0]], "M2": [[0.0346607137367008, 0.999229957775248, 0.018388213826769657, -0.07466089539510998], [0.11467070170746725, 0.014301468345758473, -0.9933006081610305, 1.0079283960485905], [-0.9927987032088527, 0.03653709741662292, -0.11408670132486372, -0.18317487491808637], [0.0, 0.0, 0.0, 1.0]]}}