{"CAM_BACK_LEFT": {"M1": [[1011.7275238128, 0.0, 974.4204829469, 0.0], [0.0, 1011.8595268195, 568.5612062161, 0.0], [0.0, 0.0, 1.0, 0.0], [0.0, 0.0, 0.0, 1.0]], "M2": [[0.6386177778714003, -0.7694360915452683, -0.011637646417425611, 0.4109289660738328], [-0.24097103235913386, -0.18559320539698795, -0.9526217106880596, 1.7941606138907489], [0.7308216576911007, 0.6111654957030981, -0.3039349297326951, -0.38285870379377496], [0.0, 0.0, 0.0, 1.0]]}}